<?xml version="1.0" encoding="utf-8"?>
<Action>
    <Name>code3</Name>
    <Commands>
        <string>request</string>
    </Commands>
    <Phrases>
        <string>additional backup</string>
        <string>additional units</string>
        <string>backup</string>
        <string>code three</string>
        <string>code three backup</string>
        <string>three</string>
		<string>i grade backup</string>
		<string>i grade assistance</string>
    </Phrases>
    <Target>GrammarPolice.Actions.Backup.Code3</Target>
</Action>