<?xml version="1.0" encoding="utf-8"?>
<Action>
    <Name>code3state</Name>
    <Commands>
        <string>request</string>
    </Commands>
    <Phrases>
        <string>state backup</string>
        <string>state trooper</string>
        <string>code three state</string>
        <string>code three state backup</string>
        <string>three state</string>
        <string>ten thirty two state</string>
    </Phrases>
    <Target>GrammarPolice.Actions.Backup.Code3State</Target>
</Action>