<?xml version="1.0" encoding="utf-8"?>
<Command>
    <Name>advised</Name>
    <Phrases>
        <string>i have a</string>
        <string>i have one</string>
        <string>i have two</string>
        <string>i have three</string>
        <string>i have four</string>
      
        <string>we have a</string>
        <string>we have one</string>
        <string>we have two</string>
        <string>we have three</string>
        <string>we have four</string>
      
        <string>suspect is</string>
        <string>civilian is</string>
        <string>officer is</string>

        <string>one</string>
        <string>two</string>
        <string>three</string>
        <string>four</string>
    </Phrases>
</Command>