<?xml version="1.0" encoding="utf-8"?>
<Action>
    <Name>occupied_2</Name>   
    <Commands>
        <string>occupied</string>
    </Commands>
    <Phrases>
        <string>mit einer person besetzt keine unterstützung benötigt</string>
        <string>mit zwei personen besetzt keine unterstützung benötigt</string>
        <string>mit drei personen besetzt keine unterstützung benötigt</string>
    </Phrases>	
    <Target>GrammarPolice.Actions.Status.TrafficStop</Target>
    <Parameters>
        <Parameter>
            <Type>System.Int32</Type>
            <Value>2</Value>
        </Parameter>
    </Parameters>
</Action>