<?xml version="1.0" encoding="utf-8"?>
<Action>
    <Name>occupied_3</Name>   
    <Commands>
        <string>occupied</string>
    </Commands>
    <Phrases>
        <string>mit einer person besetzt benötige unterstützung</string>
        <string>mit zwei personen besetzt benötige unterstützung</string>
		<string>mit drei personen besetzt benötige unterstützung</string>
        <string>mit vier personen besetzt</string>
    </Phrases>	
    <Target>GrammarPolice.Actions.Status.TrafficStop</Target>
    <Parameters>
        <Parameter>
            <Type>System.Int32</Type>
            <Value>3</Value>
        </Parameter>
    </Parameters>
</Action>