<!--
    Acceptable attributes for each "Charge" tag:
      - "name" is the charge name or title
      - "traffic" determines whether the charge is in traffic category (true/false)
      - "can_be_warrant" determines whether the charge will be included in the list of possible ped arrest warrant (true/false). If not set, default value is true.
      - "susp_chance" probability of suspect's driver license gets suspended (0-100). This is only used when traffic="true"
      - "min_susp" and "max_susp" is the range of driver license suspension time in months. This is only used when traffic="true"
      - "revoke_chance" probability of suspect's driver license gets revoked (0-100). This is only used when traffic="true"
      - "fine" is the maximum amount of fine money
      - "fine_k" is the maximum amount of fine money in thousands
      - "probation_chance" is chance percentage that the judge would grant probation
      - "min_months" and "max_months" is range of jail time the suspect would get in months
      - "min_years" and "max_years" is range of jail time the suspect would get in years

    Note:
      - You cannot use "fine" and "fine_k" in the same entry
      - You cannot use "min_months-max_months" and "min_years-max_years" in the same entry)
      - You can set "max_years" value with "life", if the charge has maximum sentence of life in prison
      - If you don't want to apply fine or probation chance to a specified charge, just remove the attribute from the tag entry
-->

<CompuLiteCharges>
	<ChargeGroup name="Traffic">
		<Charge name="Driving While License Suspended" traffic="true" fine="1000" susp_chance="75" min_susp="12" max_susp="24" revoke_chance="90" probation_chance="70" min_months="6" max_months="12"/>
		<Charge name="Driving While License Revoked" traffic="true" fine="1000" susp_chance="0" revoke_chance="100" probation_chance="70" min_months="6" max_months="12"/>
		<Charge name="Driving Under the Influence" traffic="true" fine="1000" susp_chance="50" min_susp="6" max_susp="12" revoke_chance="20" probation_chance="80" min_months="6" max_months="12"/>
		<Charge name="Driving Wrong Way" can_be_warrant="false" traffic="true" fine="1000" susp_chance="25" min_susp="2" max_susp="6" revoke_chance="5" probation_chance="70" min_months="6" max_months="12"/>
		<Charge name="Evading Arrest" traffic="true" fine="1000" susp_chance="75" min_susp="12" max_susp="24" revoke_chance="90" probation_chance="80" min_months="6" max_months="12"/>
		<Charge name="Leaving the Scene of an Accident" traffic="true" fine="1000" susp_chance="60" min_susp="3" max_susp="12" revoke_chance="5" probation_chance="80" min_months="6" max_months="12"/>
		<Charge name="Reckless Driving" traffic="true" fine="1000" susp_chance="50" min_susp="6" max_susp="12" revoke_chance="10" probation_chance="70" min_months="6" max_months="12"/>
		<Charge name="Speeding 100+" traffic="true" fine="1000" susp_chance="45" min_susp="6" max_susp="12" revoke_chance="5" probation_chance="80" min_months="6" max_months="12"/>
		<Charge name="Street Racing" traffic="true" can_be_warrant="false" fine="1000" susp_chance="25" min_susp="3" max_susp="6" revoke_chance="5" probation_chance="80" min_months="6" max_months="12"/>
	</ChargeGroup>
	<ChargeGroup name="Property">
		<Charge name="Arson" fine_k="10" probation_chance="5" min_years="5" max_years="10"/>
		<Charge name="Burglary" fine_k="10" probation_chance="5" min_years="1" max_years="5"/>
		<Charge name="Destruction of Public Property" fine="1000" probation_chance="50" min_months="6" max_months="12"/>
		<Charge name="Destruction of Private Property" fine="1000" probation_chance="50" min_months="6" max_months="12"/>
		<Charge name="Grand Theft" fine_k="10" probation_chance="20" min_years="5" max_years="10"/>
		<Charge name="Looting" fine="1000" probation_chance="40" min_months="6" max_months="12"/>
		<Charge name="Shoplifting" fine="1000" probation_chance="40" min_months="6" max_months="12"/>
		<Charge name="Trespassing" fine="1000" probation_chance="40" min_months="6" max_months="12"/>
		<Charge name="Vandalism" fine="1000" probation_chance="40" min_months="6" max_months="12"/>
	</ChargeGroup>
	<ChargeGroup name="Drugs Possession">
		<Charge name="Possession of Cocaine" fine_k="5" probation_chance="30" min_years="1" max_years="5"/>
		<Charge name="Possession of Controlled Substance" fine_k="5" probation_chance="30" min_years="1" max_years="5"/>
		<Charge name="Possession of Crack Cocaine" fine_k="5" probation_chance="30" min_years="1" max_years="5"/>
		<Charge name="Possession of Drug Paraphernalia" fine_k="5" probation_chance="30" min_years="1" max_years="5"/>
		<Charge name="Possession of Ecstasy" fine_k="5" probation_chance="30" min_years="1" max_years="5"/>
		<Charge name="Possession of Fentanyl" fine_k="5" probation_chance="30" min_years="1" max_years="5"/>
		<Charge name="Possession of Heroin" fine_k="5" probation_chance="30" min_years="1" max_years="5"/>
		<Charge name="Possession of Ketamine" fine_k="5" probation_chance="30" min_years="1" max_years="5"/>
		<Charge name="Possession of LSD" fine_k="5" probation_chance="30" min_years="1" max_years="5"/>
		<Charge name="Possession of Marijuana" fine_k="5" probation_chance="30" min_years="1" max_years="5"/>
		<Charge name="Possession of Methamphetamines" fine_k="5" probation_chance="30" min_years="1" max_years="5"/>
		<Charge name="Possession of MDMA" fine_k="5" probation_chance="30" min_years="1" max_years="5"/>
		<Charge name="Possession of PCP" fine_k="5" probation_chance="30" min_years="1" max_years="5"/>
		<Charge name="Possession of Prescription Pills" fine_k="5" probation_chance="30" min_years="1" max_years="5"/>
		<Charge name="Possession of Steroids" fine_k="5" probation_chance="30" min_years="1" max_years="5"/>
	</ChargeGroup>
	<ChargeGroup name="Other Possession">
		<Charge name="Illegal Possession of Firearm" fine="1000" probation_chance="40" min_months="6" max_months="12"/>
		<Charge name="Illegal Possession of Firearm by Felon" fine_k="5" probation_chance="20" min_years="1" max_years="5"/>
		<Charge name="Possession of Burglary Tools" fine="1000" probation_chance="40" min_months="6" max_months="12"/>
		<Charge name="Possession of Destructive Devices" fine="1000" probation_chance="40" min_months="6" max_months="12"/>
		<Charge name="Possession of Fake Drivers License or ID" fine="1000" probation_chance="40" min_months="6" max_months="12"/>
		<Charge name="Possession of Illegal Broadcasting Equipment" fine="1000" probation_chance="40" min_months="6" max_months="12"/>
		<Charge name="Possession of Stolen Drivers License or ID" fine="1000" probation_chance="40" min_months="6" max_months="12"/>
		<Charge name="Possession of a Deadly Weapon" fine="1000" probation_chance="40" min_months="6" max_months="12"/>
		<Charge name="Possession of a Deadly Weapon by Felon" fine_k="5" probation_chance="20" min_years="1" max_years="5"/>
		<Charge name="Possession of Stolen Property" fine="1000" probation_chance="40" min_months="6" max_months="12"/>
		<Charge name="Possession of Stolen Government Property" fine="1000" probation_chance="40" min_months="6" max_months="12"/>
		<Charge name="Possession of a Stolen Vehicle" fine="1000" probation_chance="40" min_months="6" max_months="12"/>	
	</ChargeGroup>
	<ChargeGroup name="Non Violent Crimes">
		<Charge name="Abuse of 911" fine="1000" probation_chance="60" min_months="6" max_months="12"/>
		<Charge name="Accessory After the Fact" fine="1000" probation_chance="40" min_months="6" max_months="12"/>
		<Charge name="Destroying/Concealing Evidence" fine="1000" probation_chance="30" min_months="6" max_months="12"/>
		<Charge name="Disturbing the Peace" fine="1000" probation_chance="50" min_months="6" max_months="12"/>
		<Charge name="Engaging Prostitution" fine="1000" probation_chance="40" min_months="6" max_months="12"/>
		<Charge name="Failure to Disperse" can_be_warrant="false" fine="1000" probation_chance="70" min_months="6" max_months="12"/>
		<Charge name="Failure to Present Concealed Carry Permit" fine="1000" probation_chance="60" min_months="6" max_months="12"/>
		<Charge name="Hate Crime" fine="1000" probation_chance="40" min_months="6" max_months="12"/>
		<Charge name="Hunting Endangered Species" fine="1000" probation_chance="30" min_months="6" max_months="12"/>
		<Charge name="Impersonating a Peace/Police Officer" fine="1000" probation_chance="40" min_months="6" max_months="12"/>
		<Charge name="Indecent Exposure" fine="1000" probation_chance="40" min_months="6" max_months="12"/>
		<Charge name="Jaywalking" can_be_warrant="false" fine="1000" probation_chance="70" min_months="6" max_months="12"/>
		<Charge name="Obstruction of Justice" fine="1000" probation_chance="40" min_months="6" max_months="12"/>
		<Charge name="Participating in Gang" fine="1000" probation_chance="40" min_months="6" max_months="12"/>
		<Charge name="Planting Evidence" fine="1000" probation_chance="40" min_months="6" max_months="12"/>
		<Charge name="Present During Riot" fine="1000" probation_chance="50" min_months="6" max_months="12"/>
		<Charge name="Public Intoxication" fine="1000" probation_chance="40" min_months="6" max_months="12"/>
		<Charge name="Resisting Arrest" fine="1000" probation_chance="40" min_months="6" max_months="12"/>
		<Charge name="Solicitation" fine="1000" probation_chance="40" min_months="6" max_months="12"/>
		<Charge name="Solicitation Prostitution" fine="1000" probation_chance="40" min_months="6" max_months="12"/>
		<Charge name="Tampering Evidence" fine="1000" probation_chance="30" min_months="6" max_months="12"/>
		<Charge name="Transporting Undocumented Immigrant" fine="1000" probation_chance="30" min_months="6" max_months="12"/>
		<Charge name="Unlawful Assembly" fine="1000" probation_chance="40" min_months="6" max_months="12"/>
		<Charge name="Warrant for Arrest" can_be_warrant="false" fine_k="3" probation_chance="10" min_years="1" max_years="5"/>
	</ChargeGroup>
	<ChargeGroup name="Violent Crimes - Homicide">
		<Charge name="1st Degree Murder" fine_k="10" probation_chance="0" min_years="25" max_years="life"/>
		<Charge name="2nd Degree Murder" fine_k="10" probation_chance="0" min_years="10" max_years="25"/>
		<Charge name="Aggravated Murder" fine_k="10" probation_chance="0" min_years="25" max_years="life"/>
		<Charge name="Attempted Murder" fine_k="5" probation_chance="0" min_years="10" max_years="25"/>
		<Charge name="Attempted Murder of Police Officer" fine_k="10" probation_chance="0" min_years="25" max_years="60"/>
		<Charge name="Involuntarily Manslaughter" fine_k="10" probation_chance="0" min_years="10" max_years="25"/>
		<Charge name="Murder of Police Officer" fine_k="10" probation_chance="0" min_years="25" max_years="life"/>
		<Charge name="Vehicular Manslaughter" fine_k="10" probation_chance="0" min_years="10" max_years="25"/>
		<Charge name="Voluntarily Manslaughter" fine_k="10" probation_chance="0" min_years="25" max_years="60"/>
	</ChargeGroup>
	<ChargeGroup name="Violent Crimes - Assault/Battery">
		<Charge name="Aggravated Assault" fine_k="5" probation_chance="10" min_years="1" max_years="5"/>
		<Charge name="Aggravated Battery" fine_k="5" probation_chance="10" min_years="1" max_years="5"/>
		<Charge name="Assault on Public Official" fine_k="10" probation_chance="0" min_years="5" max_years="10"/>
		<Charge name="Assault with Deadly Weapon" fine_k="10" probation_chance="0" min_years="5" max_years="10"/>
		<Charge name="Assault with Firearm" fine_k="10" probation_chance="0" min_years="5" max_years="10"/>
		<Charge name="Battery on Peace/Police Officer" fine_k="10" probation_chance="0" min_years="5" max_years="10"/>
		<Charge name="Domestic Battery" fine_k="5" probation_chance="0" min_years="1" max_years="5"/>
		<Charge name="Sexual Assault" fine_k="5" probation_chance="0" min_years="1" max_years="5"/>
		<Charge name="Simple Assault" fine="1000" probation_chance="0" min_months="6" max_months="12"/>
		<Charge name="Simple Battery" fine="1000" probation_chance="0" min_months="6" max_months="12"/>
	</ChargeGroup>
	<ChargeGroup name="Violent Crimes - Theft/Robbery">
		<Charge name="Armed Robbery" fine_k="10" probation_chance="0" min_years="5" max_years="10"/>
		<Charge name="Car Jacking" fine_k="5" probation_chance="0" min_years="1" max_years="5"/>
		<Charge name="Grand Theft Auto" fine_k="10" probation_chance="0" min_years="5" max_years="10"/>
		<Charge name="Grand Theft Firearm" fine_k="10" probation_chance="0" min_years="5" max_years="10"/>
		<Charge name="Strong Arm Robbery" fine_k="5" probation_chance="0" min_years="1" max_years="5"/>
	</ChargeGroup>
	<ChargeGroup name="Other Violent Crimes">		
		<Charge name="Aggravated Kidnapping" fine_k="10" probation_chance="0" min_years="5" max_years="10"/>
		<Charge name="Attempted Kidnapping" fine_k="5" probation_chance="0" min_years="1" max_years="5"/>
		<Charge name="Attempted Rape" fine_k="5" probation_chance="0" min_years="1" max_years="5"/>
		<Charge name="Brandishing of Firearm" fine="1000" probation_chance="0" min_months="6" max_months="12"/>
		<Charge name="Committed Rape" fine_k="10" probation_chance="0" min_years="10" max_years="25"/>
		<Charge name="Discharge of Firearm" fine="1000" probation_chance="30" min_months="6" max_months="12"/>
		<Charge name="Inciting Riot" fine_k="10" probation_chance="10" min_years="10" max_years="25"/>
		<Charge name="Kidnapping" fine_k="5" probation_chance="0" min_years="5" max_years="10"/>
		<Charge name="Mayhem with violence" fine_k="3" probation_chance="10" min_years="1" max_years="5"/>
		<Charge name="Participating in Riot" fine="1000" probation_chance="30" min_months="6" max_months="12"/>
		<Charge name="Resisting Arrest (w/ violence)" fine_k="3" probation_chance="10" min_years="1" max_years="5"/>
	</ChargeGroup>
</CompuLiteCharges>