<?xml version="1.0" encoding="utf-8"?>
<Action>
    <Name>ChannelEMS1</Name>
    <Commands>
        <string>status</string>
    </Commands>
    <Phrases>
        <string>Changing Channel To E M S 1</string>
		<string>Changing Back To E M S 1 Channel</string>
		<string>Changing Back To E M S 1</string>
		<string>Switching To E M S 1</string>
		<string>Switching Back To E M S 1 Channel</string>
		<string>Switching Back To E M S 1</string>
    </Phrases>
    <Target>OP_Immersive_Dispatch.Actions.Ambient.Channel_EMS1</Target>
</Action>