<?xml version="1.0" encoding="utf-8"?>
<Action>
    <Name>ChannelMain</Name>
    <Commands>
        <string>status</string>
    </Commands>
    <Phrases>
        <string>Changing Channel To Main Channel</string>
		<string>Changing Back To Main Channel</string>
		<string>Changing Back To Main</string>
		<string>Switching To Main Channel</string>
		<string>Switching Back To Main Channel</string>
		<string>Switching Back To Main</string>
    </Phrases>
    <Target>OP_Immersive_Dispatch.Actions.Ambient.Channel_Main</Target>
</Action>