<?xml version="1.0" encoding="utf-8"?>
<Action>
    <Name>ChannelTac1</Name>
    <Commands>
        <string>status</string>
    </Commands>
    <Phrases>
        <string>Changing Channel To Tac 1</string>
		<string>Changing Back To Tac 1 Channel</string>
		<string>Changing Back To Tac 1</string>
		<string>Switching To Tac 1</string>
		<string>Switching Back To Tac 1 Channel</string>
		<string>Switching Back To Tac 1</string>
    </Phrases>
    <Target>OP_Immersive_Dispatch.Actions.Ambient.Channel_TAC1</Target>
</Action>