<?xml version="1.0" encoding="utf-8"?>
<Action>
    <Name>felonyStop</Name>
      <Commands>
        <string>status</string>
    </Commands>
  <Phrases>
    <string>on a felony stop when ready</string>
    <string>on a felony stop</string>
    <string>on a code five when ready</string>
    <string>on a code five</string>
	<string>performing a felony stop</string>
	<string>performing a code five</string>
	<string>stopping a felon</string>
  </Phrases>
    <Target>OP_Immersive_Dispatch.Actions.TrafficStop.Felony</Target>
</Action>