<?xml version="1.0" encoding="utf-8"?>
<Action>
    <Name>occupied1_32</Name>   
    <Commands>
        <string>occupied</string>
    </Commands>
    <Phrases>
		<string>occupied one times requesting thirty two</string>
		<string>occupied one times requesting ten thirty two</string>
		<string>occupied one times requesting additional</string>
		<string>occupied one times requesting backup</string>
    </Phrases>	
    <Target>OP_Immersive_Dispatch.Actions.TrafficStop.Occupied1_3_32</Target>
</Action>