<?xml version="1.0" encoding="utf-8"?>
<Action>
    <Name>occupied2_32</Name>   
    <Commands>
        <string>occupied</string>
    </Commands>
    <Phrases>
      <string>occupied two times requesting thirty two</string>
      <string>occupied two times requesting ten thirty two</string>
      <string>occupied two times requesting additional</string>
      <string>occupied two times requesting backup</string>
    </Phrases>	
    <Target>OP_Immersive_Dispatch.Actions.TrafficStop.Occupied1_3_32</Target>
</Action>