<?xml version="1.0" encoding="utf-8"?>
<Action>
    <Name>person_injured</Name>   
    <Commands>
        <string>advised</string>
    </Commands>
    <Phrases>
	    <string>eleven forty seven</string>
	    <string>down</string>
		<string>injured</string>
		<string>suspect down</string>
	    <string>person down</string>
	    <string>officer down</string>
	    <string>civilian down</string>
		<string>suspect injured</string>
	    <string>person injured</string>
	    <string>officer injured</string>
	    <string>civilian injured</string>
    </Phrases>	
    <Target>OP_Immersive_Dispatch.Actions.Advise.Person_Injured</Target>
</Action>